Test,InteractiveGraphCut,LazySnapping
Berkeley\12003,1.32522,Berkeley\124084,1.16666,Berkeley\176035,0.950658,Berkeley\187029,1.038,Berkeley\187083,0.995503,Berkeley\189011,0.951385,Berkeley\207056,0.730007,Berkeley\227092,0.801655,Berkeley\296059,0.725971,Berkeley\35070,1.02488,Berkeley\66075,0.9144,Berkeley\85048,1.19989,our\1,13.4752,our\10,14.083,our\11,12.4527,our\12,11.2218,our\2,15.1592,our\3,3.32475,our\4,3.12966,our\5,10.7763,our\6,13.4598,our\7,11.942,our\8,12.8005,our\9,16.8052,