Test,InteractiveGraphCut,LazySnapping
Berkeley\12003,2.08213,0.308007
Berkeley\124084,1.52727,0.309641
Berkeley\176035,1.37299,0.424831
Berkeley\187083,1.7208,0.638487
Berkeley\189011,1.57826,0.606656
Berkeley\189080,1.35417,0.802552
Berkeley\210088,1.35806,0.991272
Berkeley\227092,1.38038,1.12177
Berkeley\296059,1.53617,1.22221
Berkeley\65019,1.40126,1.406
