Test,InteractiveGraphCut,LazySnapping
Berkeley\12003,1.19149,Berkeley\124084,1.12603,Berkeley\176035,0.943824,Berkeley\187029,0.989747,Berkeley\187083,0.978531,Berkeley\189011,0.963408,Berkeley\207056,0.749317,Berkeley\227092,0.810788,Berkeley\296059,0.704227,Berkeley\35070,1.02454,Berkeley\66075,0.916344,Berkeley\85048,1.1608,our\1,13.1973,our\10,13.6634,our\11,12.3701,our\12,11.2569,our\2,13.8342,our\3,2.80263,our\4,2.80156,our\5,10.1712,our\6,13.0725,our\7,11.9998,our\8,12.584,our\9,15.3958,