Test,InteractiveGraphCut,LazySnapping
Berkeley\12003,2.3666,0.340582
Berkeley\124084,1.53143,0.264167
Berkeley\176035,1.56336,0.221002
Berkeley\187083,1.99856,0.304596
Berkeley\189011,1.70016,0.30901
Berkeley\189080,1.48715,0.244091
Berkeley\210088,1.49552,0.30266
Berkeley\227092,1.50592,0.216875
Berkeley\296059,1.61589,0.234265
Berkeley\65019,1.63668,0.392746
